Amor	B-ORG
Prohibido	I-ORG
''	O
(	O
1994	O
)	O
Sus	O
mga	O
muertes	O
irrita	O
muy	O
grabe	O
le	O
nacion	O
nascente	O
y	O
formenta	O
ya	O
revolusyon	O
duce	O
ya	O
por	O
el	O
maga	O
Katipunan	B-ORG
y	O
ayuda	O
por	O
el	O
maga	O
Americanos	O
.	O
'	O
''	O
Laguindingan	O
'	O
''	O
el	O
ika	O
kwatro	O
clase	O
de	O
municipalidad	O
na	O
provincia	O
de	O
Misamis	B-LOC
Oriental	I-LOC
,	O
Filipinas	B-LOC
.	O
Manuel	B-PER
L.	I-PER
Quezon	I-PER
Chavacano	B-ORG
Prime	B-ORG
Network	I-ORG
*1975–1989	O
:	O
The	B-PER
NFL	I-PER
Today	I-PER
''	O
studio	O
host	O
3	O
Paysandú	B-LOC
(	I-LOC
ciudad	I-LOC
)	I-LOC
84,162	O
hab	O
Vicente	B-PER
Piccio	I-PER
,	I-PER
Jr	I-PER
.	I-PER
'	O
''	O
Unión	B-ORG
Europea	I-ORG
:	O
'	O
''	O
Su	O
primer	O
álbum	O
Sweet	B-ORG
Kisses	I-ORG
''	O
(	O
1999	O
)	O
llego	O
al	O
puesto	O
25	O
en	O
la	O
Cartelera	O
Billborad	O
,	O
y	O
a	O
pesar	O
de	O
que	O
no	O
debuto	O
dentro	O
del	O
Top	O
10	O
vendió	O
considerablemente	O
bien	O
.	O
'	O
''	O
Irresistible	O
''	O
'	O
es	O
el	O
segundo	O
álbum	O
de	O
la	O
cantante	O
pop	O
americana	O
Jessica	B-PER
Simpson	I-PER
,	O
publicado	O
en	O
2001	O
.	O
York	B-ORG
University	I-ORG
Ése	O
mismo	O
año	O
,	O
Christina	O
Aguilera	O
junto	O
Pink	O
,	O
Mya	O
,	O
Lil	O
'	O
Kim	O
y	O
la	O
colaboración	O
de	O
Missy	O
Elliott	O
,	O
formaron	O
parte	O
de	O
la	O
banda	O
sonora	O
de	O
la	O
película	O
''Moulin	O
Rouge	O
''	O
con	O
el	O
exitoso	O
''cover	O
''	O
de	O
los	O
años	O
setenta	O
titulado	O
Lady	B-ORG
Marmalade	I-ORG
''	O
.	O
'	O
''	O
Kolambugan	O
'	O
''	O
el	O
ika	O
kwatro	O
clase	O
de	O
municipalidad	O
na	O
provincia	O
de	O
Lanao	B-LOC
del	I-LOC
Norte	I-LOC
,	O
Filipinas	B-LOC
.	O
'	O
''	O
Alcala	O
'	O
''	O
el	O
ika	O
tres	O
clase	O
de	O
municipalidad	O
na	O
provincia	O
de	O
Cagayan	B-LOC
,	O
Filipinas	B-LOC
.	O
'	O
''	O
Balayan	O
'	O
''	O
el	O
primero	O
clase	O
de	O
municipalidad	O
na	O
provincia	O
de	O
Batangas	B-LOC
,	O
Filipinas	B-LOC
.	O
Si	O
Bonifacio	O
y	O
el	O
su	O
faccion	O
del	O
maga	O
“Magdiwang”	O
ya	O
enfrenta	O
contra	O
el	O
otro	O
facción	O
,	O
el	O
maga	O
“Magdalos”	O
,	O
dirigido	O
por	O
Emilio	B-PER
Aguinaldo	I-PER
cuando	O
el	O
maga	O
Magdalos	O
ya	O
lanza	O
un	O
campaña	O
de	O
desprestigio	O
contra	O
Bonifacio	O
,	O
que	O
considerado	O
no	O
apto	O
para	O
el	O
cargo	O
.	O
'	O
''	O
''Amor	O
Prohibido	O
''	O
'	O
''	O
es	O
el	O
'	O
''	O
álbum	O
''	O
'	O
de	O
la	O
cantante	O
Selena	B-PER
.	O
'	O
''	O
Maria	O
Clara	O
Rafols	O
Lorenzo	O
Lobregat	O
''	O
'	O
(	O
1921-2004	O
)	O
es	O
ya	O
politico	O
filipina	O
de	O
la	O
Ciudad	B-LOC
de	I-LOC
Zamboanga	I-LOC
,	O
na	O
donde	O
ella	O
sirvi	O
ya	O
como	O
su	O
primer	O
alcalde	O
mujer	O
y	O
tambien	O
representante	O
al	O
Congreso	O
Filipino	O
.	O
Después	O
Christina	B-PER
Aguilera	I-PER
grabó	O
una	O
versión	O
en	O
single	O
en	O
1998	O
;	O
ambas	O
grabaciones	O
formaron	O
parte	O
del	O
álbum	O
''Mulan	O
:	O
An	O
Original	O
Walt	O
Disney	O
Records	O
.	O
Bandera	O
de	O
México	B-LOC
Este	O
análisis	O
llegó	O
a	O
manos	O
de	O
el	O
junta	O
de	O
gobierno	O
na	O
el	O
exilio	O
dirigida	O
por	O
Agoncillo	O
en	O
Hong	O
Kong	O
,	O
y	O
de	O
allí	O
se	O
recomendó	O
que	O
el	O
General	O
Emilio	B-PER
Aguinaldo	I-PER
lo	O
tomara	O
como	O
consejero	O
.	O
'	O
''	O
Mercedes	O
'	O
''	O
el	O
segunda	O
clase	O
de	O
municipalidad	O
na	O
provincia	O
de	O
Camarines	B-LOC
Norte	I-LOC
,	O
Filipinas	B-LOC
.	O
'	O
''	O
„No	O
Me	O
Queda	O
Mas”	O
''	O
'	O
-	O
es	O
un	O
cancion	O
de	O
generos	O
Tejano	O
pop	O
,	O
con	O
influencias	O
de	O
Latin	O
pop	O
,	O
escrita	O
por	O
el	O
cantante	O
Selena	B-PER
y	O
el	O
compositora	O
A.B	O
.	O
``	O
Ai	B-ORG
n't	I-ORG
No	I-ORG
Other	I-ORG
Man	I-ORG
''	O
*El	O
dia	O
ya	O
nace	O
el	O
cantora	O
Madonna	B-PER
(	I-PER
artista	I-PER
)	I-PER
Quintanilla	O
III	O
,	O
para	O
el	O
tercer	O
álbum	O
de	O
estudio	O
de	O
el	O
primera	O
,	O
titulado	O
Amor	B-ORG
Prohibido	I-ORG
''	O
.	O
redirección	O
Universidad	B-ORG
Ateneo	I-ORG
de	I-ORG
Manila	I-ORG
'	O
''	O
Ramón	O
del	O
Fierro	O
Magsaysay	O
'	O
''	O
(	O
Nacimiento	O
:	O
31	O
de	O
Agosto	O
,	O
1907	O
na	O
Zambales	B-LOC
y	O
Muerte	O
17	O
de	O
Marso	O
,	O
1957	O
na	O
Cebu	B-LOC
)	O
,	O
el	O
aca-7	O
Presidente	O
de	O
Filipinas	O
.	O
When	O
the	O
Saturday	O
night	O
action	O
was	O
reduced	O
to	O
one	O
game	O
,	O
Marv	B-PER
Albert	I-PER
called	O
the	O
lone	O
Saturday	O
game	O
with	O
a	O
guest	O
commentator	O
.	O
Anne	B-PER
Haney	I-PER
La	O
Unión	B-ORG
Europea	I-ORG
busca	O
también	O
un	O
TLC	O
con	O
el	O
Perú	O
y	O
las	O
negociaciones	O
ya	O
han	O
sido	O
entabladas	O
.	O
Greg	B-PER
Gumbel	I-PER
'	O
''	O
San	O
Fernando	O
'	O
''	O
el	O
segunda	O
clase	O
de	O
municipalidad	O
na	O
provincia	O
de	O
Cebu	B-LOC
,	O
Filipinas	B-LOC
.	O
``	O
What	B-ORG
a	I-ORG
Girl	I-ORG
Wants	I-ORG
''	O
La	O
situación	O
engarzó	O
con	O
la	O
crisis	O
energética	O
sufrida	O
por	O
Argentina	B-LOC
,	O
quien	O
provee	O
de	O
gas	O
natural	O
a	O
Chile	O
.	O
'	O
''	O
Sibuco	O
'	O
''	O
el	O
primero	O
clase	O
de	O
municipalidad	O
na	O
provincia	O
de	O
Zamboanga	B-LOC
del	I-LOC
Norte	I-LOC
,	O
Filipinas	B-LOC
.	O
El	O
'	O
''	O
Paris	O
''	O
'	O
amo	O
el	O
capital	O
Francia	B-LOC
.	O
'	O
''	O
''Fiesta	O
pagana	O
''	O
'	O
''	O
,	O
es	O
el	O
maga	O
cuarto	O
sencillo	O
del	O
español	O
banda	O
Mägo	B-ORG
de	I-ORG
Oz	I-ORG
.	O
'	O
''	O
San	O
Francisco	O
'	O
''	O
el	O
ika	O
sinco	O
clase	O
de	O
municipalidad	O
na	O
provincia	O
de	O
Southern	B-LOC
Leyte	I-LOC
,	O
Filipinas	B-LOC
.	O
:	O
''Presidentes	O
que	O
han	O
gobernado	O
a	O
Venezuela	O
desde	O
su	O
formación	O
,	O
véase	O
Presidente	B-ORG
de	I-ORG
Venezuela	I-ORG
''	O
.	O
La	O
mayoría	O
de	O
las	O
canciones	O
de	O
''Stripped	O
''	O
fueron	O
co-escritas	O
por	O
Christina	O
Aguilera	O
pero	O
el	O
tema	O
que	O
se	O
tomó	O
como	O
base	O
fue	O
la	O
sexualidad	O
,	O
en	O
especial	O
en	O
la	O
canción	O
Dirrty	B-ORG
''	O
.	O
``	O
Por	O
siempre	O
tú	O
''	O
(	O
I	B-ORG
Turn	I-ORG
to	I-ORG
You	I-ORG
)	O
The	O
following	O
season	O
,	O
he	O
would	O
be	O
promoted	O
to	O
a	O
co-hosting	O
role	O
alongside	O
Greg	B-PER
Gumbel	I-PER
on	O
''The	O
NFL	O
Today	O
''	O
.	O
La	O
nueva	O
imagen	O
de	O
Christina	O
Aguilera	O
se	O
mostró	O
por	O
primera	O
vez	O
con	O
el	O
lanzamiento	O
del	O
primer	O
sencillo	O
del	O
álbum	O
''Stripped	O
''	O
titulado	O
Dirrty	B-ORG
''	O
con	O
la	O
colaboración	O
del	O
rapero	O
Redman	O
,	O
en	O
realidad	O
la	O
palabra	O
se	O
escribe	O
''Dirty	O
''	O
pero	O
de	O
acuerdo	O
con	O
P.	O
Diddy	O
al	O
doblar	O
la	O
letra	O
''r	O
''	O
la	O
vuelve	O
más	O
sucia	O
.	O
despues	O
de	O
la	O
guerra	O
,	O
el	O
7	O
de	O
septiembre	O
,	O
1946	O
,	O
acto	O
no	O
14	O
de	O
la	O
república	O
cambió	O
el	O
Tayabas	O
conocido	O
a	O
Quezon	O
,	O
en	O
honor	O
Manuel	B-PER
L.	I-PER
Quezon	I-PER
,	O
al	O
presidente	O
de	O
la	O
Commonwealth	O
que	O
granizaron	O
de	O
la	O
prensa	O
,	O
que	O
era	O
una	O
de	O
las	O
ciudades	O
de	O
la	O
provincia	O
.	O
Tina	B-PER
Turner	I-PER
'	O
''	O
'	O
''	O
el	O
primero	O
de	O
provincia	O
na	O
region	O
de	O
Cagayan	B-LOC
Valley	I-LOC
,	O
Filipinas	B-LOC
,	O
tiene	O
este	O
zona	O
de	O
12,414.93	O
kilometro	O
cuadrado	O
.	O
'	O
''	O
Burgos	O
'	O
''	O
el	O
ika	O
kwatro	O
clase	O
de	O
municipalidad	O
na	O
provincia	O
de	O
Ilocos	B-LOC
Sur	I-LOC
,	O
Filipinas	B-LOC
.	O
Selena	B-PER
Gomez	I-PER
-	O
Singer	O
&	O
Actress	O
'	O
''	O
Unión	B-ORG
Europea	I-ORG
:	O
'	O
''	O
Madrid	B-LOC
Finalmente	O
,	O
se	O
lanzó	O
el	O
quinto	O
single	O
titulado	O
Falsas	B-ORG
esperanzas	I-ORG
''	O
quizá	O
es	O
una	O
de	O
las	O
canciones	O
con	O
más	O
influencia	O
latina	O
que	O
ningún	O
otro	O
track	O
del	O
álbum	O
,	O
fue	O
un	O
hit	O
en	O
la	O
radio	O
mexicana	O
donde	O
llegó	O
a	O
la	O
posición	O
número	O
uno	O
durante	O
tres	O
semanas	O
,	O
el	O
éxito	O
posiblemente	O
se	O
debió	O
a	O
que	O
formó	O
parte	O
de	O
la	O
banda	O
sonora	O
de	O
la	O
exitosa	O
telenovela	O
mexicana	O
''Como	O
en	O
el	O
Cine	O
''	O
de	O
la	O
cadena	O
de	O
televisión	O
TV	O
Azteca	O
.	O
'	O
''	O
Kiangan	O
'	O
''	O
el	O
ika	O
kwatro	O
clase	O
de	O
municipalidad	O
na	O
provincia	O
de	O
Ifugao	B-LOC
,	O
Filipinas	B-LOC
.	O
El	O
'	O
''	O
Emiratos	O
Unidos	O
del	O
Arabo	O
''	O
'	O
en	O
Chavacano	B-ORG
(	O
e.g	O
.	O
Creando	O
que	O
el	O
maga	O
negrito	O
ya	O
man	O
viaje	O
caminando	O
para	O
Filipinas	O
estaba	O
Asia	B-LOC
.	O
Cinco	O
años	O
despues	O
,	O
si	O
Ninoy	O
el	O
secretario	O
general	O
del	O
entero	O
Partido	O
Liberal	O
y	O
ya	O
queda	O
ele	O
solamente	O
viviente	O
del	O
partido	O
na	O
Senado	O
y	O
especialmente	O
,	O
el	O
principalmente	O
opposicion	O
contra	O
administracion	O
del	O
Presidente	O
Ferdinand	B-PER
Marcos	I-PER
.	O
``	O
Dirrty	B-ORG
''	O
con	O
Redman	O
``	O
Nobody	B-ORG
Wants	I-ORG
to	I-ORG
Be	I-ORG
Lonely	I-ORG
''	O
with	O
Ricky	O
Martin	O
Selena	B-PER
Gomez	I-PER
,	O
una	O
estadounidense	O
y	O
cantante	O
Emilio	B-PER
Aguinaldo	I-PER
'	O
''	O
Santa	O
Margarita	O
'	O
''	O
el	O
ika	O
kwatro	O
clase	O
de	O
municipalidad	O
na	O
provincia	O
de	O
Samar	B-LOC
,	O
Filipinas	B-LOC
.	O
Greg	B-PER
Gumbel	I-PER
(	O
1994–1995	O
)	O
El	O
capital	O
es	O
Salto	B-LOC
(	I-LOC
ciudad	I-LOC
)	I-LOC
.	O
``	O
What	B-ORG
a	I-ORG
Girl	I-ORG
Wants	I-ORG
''	O
(	O
Eddie	O
Arroyo	O
Dance	O
Radio	O
Edit	O
)	O
Meanwhile	O
,	O
Marv	B-PER
Albert	I-PER
went	O
back-and-forth	O
during	O
both	O
1987	O
LCS	O
.	O
'	O
''	O
'	O
''	O
el	O
primero	O
clase	O
de	O
ciudad	O
na	O
provincia	O
de	O
South	B-LOC
Cotabato	I-LOC
,	O
Filipinas	B-LOC
.	O
Jessica	O
comenzó	O
a	O
cantar	O
a	O
doce	O
años	O
en	O
el	O
coro	O
de	O
la	O
Iglesia	O
asistieron	O
por	O
parte	O
de	O
los	O
padres	O
:	O
aquí	O
se	O
señaló	O
por	O
parte	O
de	O
algunos	O
agentes	O
que	O
tuvo	O
la	O
televisión	O
como	O
conductora	O
de	O
baby-de	O
The	O
New	O
Mickey	O
Mouse	O
Club	O
,	O
la	O
transmisión	O
de	O
los	O
niños	O
fue	O
presentada	O
en	O
TV	O
por	O
cable	O
Disney	O
Channel	O
que	O
puso	O
en	O
marcha	O
muchos	O
otros	O
famosos	O
cantantes	O
como	O
Britney	B-PER
Spears	I-PER
,	O
Christina	B-PER
Aguilera	I-PER
y	O
Justin	B-PER
Timberlake	I-PER
.	O
'	O
''	O
Dimasalang	O
'	O
''	O
el	O
ika	O
kwatro	O
clase	O
de	O
municipalidad	O
na	O
provincia	O
de	O
Masbate	B-LOC
,	O
Filipinas	B-LOC
.	O
'	O
''	O
Sugbongcogon	O
'	O
''	O
el	O
ika	O
sinco	O
clase	O
de	O
municipalidad	O
na	O
provincia	O
de	O
Misamis	B-LOC
Oriental	I-LOC
,	O
Filipinas	B-LOC
.	O
Ya	O
Debuta	O
como	O
solista	O
na	O
el	O
1989	O
con	O
el	O
album	O
titulado	O
Selena	B-ORG
''	O
.	O
Mar	B-LOC
de	I-LOC
China	I-LOC
Chace	B-PER
Crawford	I-PER
:	O
Partido	B-ORG
Independencia	I-ORG
Puertorriqueño	I-ORG
'	O
''	O
Dao	O
'	O
''	O
el	O
ika	O
kwatro	O
clase	O
de	O
municipalidad	O
na	O
provincia	O
de	O
Capiz	B-LOC
,	O
Filipinas	B-LOC
.	O
Antonio	B-PER
Luna	I-PER
Exactly	O
3	O
months	O
later	O
(	O
March	O
14	O
,	O
2014	O
)	O
,	O
the	O
NCAA	B-ORG
March	I-ORG
Madness	I-ORG
package	O
followed	O
suit	O
.	O
'	O
''	O
Taytay	O
'	O
''	O
el	O
primero	O
clase	O
de	O
municipalidad	O
na	O
provincia	O
de	O
Rizal	B-LOC
,	O
Filipinas	B-LOC
.	O
Ele	O
es	O
el	O
segundo	O
mujer	O
presidenta	O
despues	O
con	O
Corazon	B-PER
Aquino	I-PER
.	O
Se	O
ubica	O
en	O
el	O
departamento	O
de	O
Montevideo	B-ORG
,	O
su	O
poblacion	O
es	O
de	O
1,325,968	O
habitantes	O
(	O
2004	O
)	O
,	O
contando	O
la	O
area	O
metropolitana	O
llega	O
a	O
1,828,325	O
habitantes	O
.	O
'	O
''	O
„Bidi	O
Bidi	O
Bom	O
Bom”	O
''	O
'	O
-	O
es	O
un	O
cancion	O
de	O
generos	O
Tejano	O
pop	O
,	O
con	O
influencias	O
de	O
Latin	O
pop	O
,	O
escrita	O
por	O
el	O
cantante	O
Selena	B-PER
y	O
el	O
compositora	O
A.B	O
.	O
Burgos	B-LOC
El	O
'	O
''	O
Katipunan	O
''	O
'	O
es	O
un	O
secreto	O
sociedad	O
que	O
ya	O
prinsipia	O
si	O
Andres	B-PER
Bonifacio	I-PER
con	O
su	O
intencion	O
para	O
libra	O
con	O
el	O
entero	O
pais	O
del	O
Filipinas	O
na	O
regla	O
Español	O
.	O
'	O
''	O
Mutia	O
'	O
''	O
el	O
ika	O
sinco	O
clase	O
de	O
municipalidad	O
na	O
provincia	O
de	O
Zamboanga	B-LOC
del	I-LOC
Norte	I-LOC
,	O
Filipinas	B-LOC
.	O
'	O
''	O
Samboan	O
'	O
''	O
el	O
ika	O
sinco	O
clase	O
de	O
municipalidad	O
na	O
provincia	O
de	O
Cebu	B-LOC
,	O
Filipinas	B-LOC
.	O
'	O
''	O
San	O
Pascual	O
'	O
''	O
el	O
primero	O
clase	O
de	O
municipalidad	O
na	O
provincia	O
de	O
Batangas	B-LOC
,	O
Filipinas	B-LOC
.	O
'	O
''	O
Milagros	O
'	O
''	O
el	O
primero	O
clase	O
de	O
municipalidad	O
na	O
provincia	O
de	O
Masbate	B-LOC
,	O
Filipinas	B-LOC
.	O
20px]]	O
Chile	B-LOC
Marv	B-PER
Albert	I-PER
(	O
2011–Present	O
)	O
''	O
I	B-ORG
Turn	I-ORG
to	I-ORG
You	I-ORG
''	O
(	O
Remix	O
)	O
4:07	O
'	O
''	O
Currimao	O
'	O
''	O
el	O
ika	O
kwatro	O
clase	O
de	O
municipalidad	O
na	O
provincia	O
de	O
Ilocos	B-LOC
Norte	I-LOC
,	O
Filipinas	B-LOC
.	O
Melo	O
es	O
una	O
ciudad	O
de	O
Uruguay	B-LOC
ubicada	O
en	O
el	O
departamento	O
de	O
Cerro	B-LOC
Largo	I-LOC
,	O
a	O
60	O
kilometros	O
de	O
la	O
frontera	O
con	O
Brasil	B-LOC
y	O
a390	O
kilometros	O
de	O
la	O
capital	O
nacional	O
Montevideo	B-LOC
ciudad	I-LOC
,	O
sobre	O
las	O
margenes	O
del	O
arroyo	O
de	O
Conventos	O
.	O
Al	B-PER
Michaels	I-PER
(	O
Games	O
1	O
,	O
2	O
)	O
Greg	B-PER
Gumbel	I-PER
(	O
Games	O
3	O
,	O
4	O
)	O
Na	O
Madrid	B-LOC
,	O
ele	O
ya	O
queda	O
un	O
miembro	O
activo	O
del	O
La	B-ORG
Solidaridad	I-ORG
,	O
un	O
grupo	O
de	O
maga	O
Filipino	O
intelectual	O
activo	O
na	O
promocion	O
del	O
soceidad	O
Filipino	O
alla	O
na	O
España	O
y	O
el	O
promocion	O
del	O
maga	O
proposicion	O
de	O
Filipino	O
.	O
``	O
Candyman	B-ORG
''	O
'	O
''	O
Salto	O
''	O
'	O
es	O
un	O
departamento	O
de	O
Uruguay	B-LOC
situado	O
en	O
el	O
litoral	O
noroeste	O
.	O
Corazon	B-PER
Aquino	I-PER
'	O
''	O
''Christina	O
Aguilera	O
''	O
'	O
''	O
es	O
el	O
'	O
''	O
álbum	O
''	O
'	O
debut	O
de	O
la	O
cantante	O
Christina	B-PER
Aguilera	I-PER
.	O
Existe	O
la	O
versión	O
en	O
español	O
de	O
la	O
canción	O
,	O
pero	O
solamente	O
formó	O
parte	O
como	O
un	O
track	O
más	O
de	O
su	O
álbum	O
debut	O
en	O
español	O
Mi	B-ORG
Reflejo	I-ORG
''	O
con	O
el	O
título	O
de	O
''Una	O
Mujer	O
''	O
.	O
